<?xml version="1.0" encoding="UTF-8" ?>
<!DOCTYPE mapper
  PUBLIC "-//mybatis.org//DTD Mapper 3.0//EN"
  "http://mybatis.org/dtd/mybatis-3-mapper.dtd">
<mapper namespace="boardMapper">
  <insert id="insert">
  	<selectKey keyProperty="no" resultType="long" order="BEFORE">
  		select seq_fboard.nextval from dual
  	</selectKey>
  	insert into file_board
  	values(#{no}, #{subject}, #{content})
  </insert>
  
  <select id="listAll" resultType="com.the.domain.dto.FileBoard">
  	select * from file_board
  	order by no desc
  </select>
  
  <select id="detail" resultType="com.the.domain.dto.FileBoard">
  	select * from file_board
  	where no=#{no}
  </select>
  
  <delete id="deleteById">
  	delete from file_board
  	where no=#{no}
  </delete>
  
</mapper>