<?xml version="1.0" encoding="UTF-8" ?>
<!DOCTYPE mapper
  PUBLIC "-//mybatis.org//DTD Mapper 3.0//EN"
  "http://mybatis.org/dtd/mybatis-3-mapper.dtd">
<mapper namespace="fileMapper">
  <insert id="insert">
  	insert into filetable(fno, filename, filesize, fileurl, bno)
  	values(seq_file.nextval, #{filename}, #{filesize}, #{fileurl}, #{bno})
  </insert>
  <select id="matchBno" resultType="com.the.domain.dto.Filetable">
  	select * from filetable
  	where bno=#{bno}
  </select>
  <delete id="delete">
  	delete from filetable
  	where fno=#{fno}
  </delete>
  <delete id="deleteByBno">
 	delete from filetable
  	where bno=#{bno}
  </delete>
</mapper>